-- MySQL dump 10.13  Distrib 8.0.27, for macos11 (arm64)
--
-- Host: testt.cbg6k8ueagbi.us-west-1.rds.amazonaws.com    Database: Bakery_DB
-- ------------------------------------------------------
-- Server version	8.0.37

/*!40101 SET @OLD_CHARACTER_SET_CLIENT=@@CHARACTER_SET_CLIENT */;
/*!40101 SET @OLD_CHARACTER_SET_RESULTS=@@CHARACTER_SET_RESULTS */;
/*!40101 SET @OLD_COLLATION_CONNECTION=@@COLLATION_CONNECTION */;
/*!50503 SET NAMES utf8mb4 */;
/*!40103 SET @OLD_TIME_ZONE=@@TIME_ZONE */;
/*!40103 SET TIME_ZONE='+00:00' */;
/*!40014 SET @OLD_UNIQUE_CHECKS=@@UNIQUE_CHECKS, UNIQUE_CHECKS=0 */;
/*!40014 SET @OLD_FOREIGN_KEY_CHECKS=@@FOREIGN_KEY_CHECKS, FOREIGN_KEY_CHECKS=0 */;
/*!40101 SET @OLD_SQL_MODE=@@SQL_MODE, SQL_MODE='NO_AUTO_VALUE_ON_ZERO' */;
/*!40111 SET @OLD_SQL_NOTES=@@SQL_NOTES, SQL_NOTES=0 */;
SET @MYSQLDUMP_TEMP_LOG_BIN = @@SESSION.SQL_LOG_BIN;
SET @@SESSION.SQL_LOG_BIN= 0;

--
-- GTID state at the beginning of the backup 
--

SET @@GLOBAL.GTID_PURGED=/*!80000 '+'*/ '';

--
-- Table structure for table `Menu`
--

DROP TABLE IF EXISTS `Menu`;
/*!40101 SET @saved_cs_client     = @@character_set_client */;
/*!50503 SET character_set_client = utf8mb4 */;
CREATE TABLE `Menu` (
  `ID` int NOT NULL AUTO_INCREMENT,
  `item_name` varchar(255) NOT NULL,
  `photo` varchar(255) NOT NULL,
  `price` decimal(10,2) NOT NULL,
  `category` varchar(255) DEFAULT NULL,
  `description` text,
  PRIMARY KEY (`ID`)
) ENGINE=InnoDB AUTO_INCREMENT=7 DEFAULT CHARSET=utf8mb4 COLLATE=utf8mb4_0900_ai_ci;
/*!40101 SET character_set_client = @saved_cs_client */;

--
-- Dumping data for table `Menu`
--

LOCK TABLES `Menu` WRITE;
/*!40000 ALTER TABLE `Menu` DISABLE KEYS */;
INSERT INTO `Menu` VALUES (1,'mooncake1','/stock-mooncake.jpg',14.99,'mooncake','mooncake1 description'),(2,'mooncake2','/stock-mooncake.jpg',14.99,'mooncake','mooncake2 description'),(3,'mooncake3','/stock-mooncake.jpg',14.99,'mooncake','mooncake3 description'),(4,'cheesecake1','/stock-cheesecake.jpeg',14.99,'cheesecake','cheesecake1 description'),(5,'cheesecake2','/stock-cheesecake.jpeg',14.99,'cheesecake','cheesecake2 description'),(6,'cheesecake3','/stock-cheesecake.jpeg',14.99,'cheesecake','cheesecake3 description');
/*!40000 ALTER TABLE `Menu` ENABLE KEYS */;
UNLOCK TABLES;

--
-- Table structure for table `Orders`
--

DROP TABLE IF EXISTS `Orders`;
/*!40101 SET @saved_cs_client     = @@character_set_client */;
/*!50503 SET character_set_client = utf8mb4 */;
CREATE TABLE `Orders` (
  `ID` int NOT NULL AUTO_INCREMENT,
  `user_ID` int DEFAULT NULL,
  `order_date` date DEFAULT NULL,
  PRIMARY KEY (`ID`),
  KEY `user_ID` (`user_ID`),
  CONSTRAINT `Orders_ibfk_1` FOREIGN KEY (`user_ID`) REFERENCES `User` (`ID`) ON DELETE CASCADE
) ENGINE=InnoDB AUTO_INCREMENT=21 DEFAULT CHARSET=utf8mb4 COLLATE=utf8mb4_0900_ai_ci;
/*!40101 SET character_set_client = @saved_cs_client */;

--
-- Dumping data for table `Orders`
--

LOCK TABLES `Orders` WRITE;
/*!40000 ALTER TABLE `Orders` DISABLE KEYS */;
INSERT INTO `Orders` VALUES (1,1,'2024-09-07'),(3,1,'2024-09-07'),(4,1,'2024-09-07'),(5,1,'2024-09-07'),(6,1,'2024-09-07'),(7,1,'2024-09-10'),(8,1,'2024-09-10'),(9,1,'2024-09-10'),(19,1,'2024-11-07'),(20,2,'2024-11-07');
/*!40000 ALTER TABLE `Orders` ENABLE KEYS */;
UNLOCK TABLES;

--
-- Table structure for table `User`
--

DROP TABLE IF EXISTS `User`;
/*!40101 SET @saved_cs_client     = @@character_set_client */;
/*!50503 SET character_set_client = utf8mb4 */;
CREATE TABLE `User` (
  `ID` int NOT NULL AUTO_INCREMENT,
  `name` varchar(255) NOT NULL,
  `password` varchar(255) NOT NULL,
  PRIMARY KEY (`ID`),
  UNIQUE KEY `name` (`name`)
) ENGINE=InnoDB AUTO_INCREMENT=17 DEFAULT CHARSET=utf8mb4 COLLATE=utf8mb4_0900_ai_ci;
/*!40101 SET character_set_client = @saved_cs_client */;

--
-- Dumping data for table `User`
--

LOCK TABLES `User` WRITE;
/*!40000 ALTER TABLE `User` DISABLE KEYS */;
INSERT INTO `User` VALUES (1,'logintest@gmail.com','$2b$12$bLXKkcENrsdNq6y7Df8ZUO8Tne2X4.lL4Z2UiEmOY7BwESnnhNuO6'),(2,'danh.pham@sjsu.edu','$2b$12$vvjN95wcG6eWEFNcM/zzFeCdHfCSQ52n3EOAb94v38wYFAjn4zgAW'),(3,'test@gmail.com','$2b$12$IH1ZfxOKeawEjFtgVImSoOuro4jPpVfSCBBgr7C2FhXQRWr6PPRNO'),(4,'awstest@test.com','$2b$12$C2WItPfnUECSpLyVM7dir.KQQDVVCQRtAL6Ra8LeOv5./t0zwGycK'),(5,'sslhttps@test.com','$2b$12$6swrl7CB1hfB.Z3k.to18uAf2l02gOtX4Oe3Z9TvWNbUmr6G6CF6u'),(6,'iloveanime@test.com','$2b$12$BzG56KTm2e4Cdxh0ZsAZ6eEQJXfLJN6Aw11HfcUWK9nYHY/1lzVRy'),(7,'newhttps@test.com','$2b$12$thS.jqCPcxsOSF6Wh3RT9u9XGHd0qdFIECQoAUwfaBAUxZTVyHcyO'),(8,'testpostman@test.com','$2b$12$ABYnXqmwRU5hUJRsC0PN5uB/P9ScZXkiJVWndCQqxuO1srKgbxaWC'),(9,'testpostman1@test.com','$2b$12$Th3ILGvcrHuWvp0bi0iRNOnVXJ0Af/dD8ROC/wzNWBVWwzp6J3WZi'),(10,'logintest2@gmail.com','$2b$12$HCZniB862w7dbyIElZQ6E..34Kodzj3/jY95olV8NNhBz9MNlX8pG'),(11,'logintest3@gmail.com','$2b$12$LKZvqFC8pYVumALh41p1rO13sZiRbMyOzX7kb49ZzDVfe8/LYzjhu'),(12,'testpostman32@test.com','$2b$12$y83oP9vKpD.pm1qE.w/VgOOBUsDMVhAZnLnvL5UZalI4Ok8KQlDFq'),(13,'logintest4@gmail.com','$2b$12$WdHEhARNehpkjOT50zE7Ue5PWAaUG4yNBpjGUrKn9DI97PUokz/cS'),(14,'newtest@gmail.com','$2b$12$IkEkis28SHoXcor4neL6Q.yJ8E4If7yC1lIY1ENjolLShjhWF31AK'),(15,'logintest5@gmail.com','$2b$12$255JcxBGg0YDUhho.GE.8OqY58nM3a6X3qLfbIV7KeGdma3cUYokW'),(16,'testpostman39@test.com','$2b$12$fB/RGs6KoI7kjq07.UXZTuvFbvRid8mEhCEXRAWP1zvBK6p5.Dzu6');
/*!40000 ALTER TABLE `User` ENABLE KEYS */;
UNLOCK TABLES;

--
-- Table structure for table `User_Cart`
--

DROP TABLE IF EXISTS `User_Cart`;
/*!40101 SET @saved_cs_client     = @@character_set_client */;
/*!50503 SET character_set_client = utf8mb4 */;
CREATE TABLE `User_Cart` (
  `user_ID` int NOT NULL,
  `item_ID` int NOT NULL,
  `quantity` int DEFAULT '1',
  PRIMARY KEY (`user_ID`,`item_ID`),
  KEY `item_ID` (`item_ID`),
  CONSTRAINT `User_Cart_ibfk_1` FOREIGN KEY (`user_ID`) REFERENCES `User` (`ID`) ON DELETE CASCADE ON UPDATE CASCADE,
  CONSTRAINT `User_Cart_ibfk_2` FOREIGN KEY (`item_ID`) REFERENCES `Menu` (`ID`) ON UPDATE CASCADE
) ENGINE=InnoDB DEFAULT CHARSET=utf8mb4 COLLATE=utf8mb4_0900_ai_ci;
/*!40101 SET character_set_client = @saved_cs_client */;

--
-- Dumping data for table `User_Cart`
--

LOCK TABLES `User_Cart` WRITE;
/*!40000 ALTER TABLE `User_Cart` DISABLE KEYS */;
/*!40000 ALTER TABLE `User_Cart` ENABLE KEYS */;
UNLOCK TABLES;

--
-- Table structure for table `User_Past_Order`
--

DROP TABLE IF EXISTS `User_Past_Order`;
/*!40101 SET @saved_cs_client     = @@character_set_client */;
/*!50503 SET character_set_client = utf8mb4 */;
CREATE TABLE `User_Past_Order` (
  `user_ID` int NOT NULL,
  `item_ID` int NOT NULL,
  `quantity` int DEFAULT '1',
  `order_ID` int NOT NULL,
  PRIMARY KEY (`user_ID`,`item_ID`,`order_ID`),
  KEY `item_ID` (`item_ID`),
  KEY `order_ID` (`order_ID`),
  CONSTRAINT `User_Past_Order_ibfk_1` FOREIGN KEY (`user_ID`) REFERENCES `User` (`ID`) ON DELETE CASCADE ON UPDATE CASCADE,
  CONSTRAINT `User_Past_Order_ibfk_2` FOREIGN KEY (`item_ID`) REFERENCES `Menu` (`ID`) ON UPDATE CASCADE,
  CONSTRAINT `User_Past_Order_ibfk_3` FOREIGN KEY (`order_ID`) REFERENCES `Orders` (`ID`) ON UPDATE CASCADE
) ENGINE=InnoDB DEFAULT CHARSET=utf8mb4 COLLATE=utf8mb4_0900_ai_ci;
/*!40101 SET character_set_client = @saved_cs_client */;

--
-- Dumping data for table `User_Past_Order`
--

LOCK TABLES `User_Past_Order` WRITE;
/*!40000 ALTER TABLE `User_Past_Order` DISABLE KEYS */;
INSERT INTO `User_Past_Order` VALUES (1,1,1,3),(1,1,1,4),(1,1,1,7),(1,1,1,8),(1,1,1,9),(1,1,1,19),(1,3,1,3),(1,3,1,4),(1,4,1,7),(1,4,1,8),(1,4,1,19),(1,5,2,5),(1,5,2,6),(1,6,1,9),(2,1,1,20),(2,2,1,20),(2,4,1,20);
/*!40000 ALTER TABLE `User_Past_Order` ENABLE KEYS */;
UNLOCK TABLES;

--
-- Dumping routines for database 'Bakery_DB'
--
SET @@SESSION.SQL_LOG_BIN = @MYSQLDUMP_TEMP_LOG_BIN;
/*!40103 SET TIME_ZONE=@OLD_TIME_ZONE */;

/*!40101 SET SQL_MODE=@OLD_SQL_MODE */;
/*!40014 SET FOREIGN_KEY_CHECKS=@OLD_FOREIGN_KEY_CHECKS */;
/*!40014 SET UNIQUE_CHECKS=@OLD_UNIQUE_CHECKS */;
/*!40101 SET CHARACTER_SET_CLIENT=@OLD_CHARACTER_SET_CLIENT */;
/*!40101 SET CHARACTER_SET_RESULTS=@OLD_CHARACTER_SET_RESULTS */;
/*!40101 SET COLLATION_CONNECTION=@OLD_COLLATION_CONNECTION */;
/*!40111 SET SQL_NOTES=@OLD_SQL_NOTES */;

-- Dump completed on 2025-01-27 22:33:21
